caption,image_file
tree,image (1).jpg
tree,image (2).jpg
tree,image (3).jpg
tree,image (4).jpg
tree,image (5).jpg
tree,image (6).jpg
tree,image (7).jpg
tree,image (8).jpg
tree,image (9).jpg
tree,image (10).jpg
tree,image (11).jpg
tree,image (12).jpg
tree,image (13).jpg
tree,image (14).jpg
tree,image (15).jpg
tree,image (16).jpg
tree,image (17).jpg
tree,image (18).jpg
tree,image (19).jpg
tree,image (20).jpg
tree,image (21).jpg
tree,image (22).jpg
tree,image (23).jpg
tree,image (24).jpg
tree,image (25).jpg
tree,image (26).jpg
tree,image (27).jpg
tree,image (28).jpg
tree,image (29).jpg
tree,image (30).jpg
tree,image (31).jpg
tree,image (32).jpg
tree,image (33).jpg
tree,image (34).jpg
tree,image (35).jpg
tree,image (36).jpg
tree,image (37).jpg
tree,image (38).jpg
tree,image (39).jpg
tree,image (40).jpg
tree,image (41).jpg
tree,image (42).jpg
tree,image (43).jpg
tree,image (44).jpg
tree,image (45).jpg
tree,image (46).jpg
tree,image (47).jpg
tree,image (48).jpg
tree,image (49).jpg
tree,image (50).jpg
